date,RECESSION,CPI,FEDFUNDS,INDPRO,PAYEMS,SP500,UNEMPLOY,YC
1/1/1959,n,0,-0.05,0.019395221,0.003993691,-0.000721649,-0.103,1.62
2/1/1959,n,0,-0.05,0.019395221,0.003993691,-0.000721649,-0.103,1.67
3/1/1959,n,0,-0.05,0.019395221,0.003993691,-0.000721649,-0.103,1.3
4/1/1959,n,0,0.37,0.014302405,0.006168304,0.000541254,-0.164,1.14
5/1/1959,n,-0.000344768,0.16,0.021079317,0.00577422,0.038047605,-0.23,1.2
6/1/1959,n,-0.001035018,-0.06,0.014951128,0.004285547,0.018750012,-0.092,0.71
7/1/1959,n,0.000345125,0.49,0.001141198,0.002443325,-0.003585134,-0.05,0.63
8/1/1959,n,0.002068253,0.08,-0.024238762,0.002288692,0.034294788,0.099,0.6
9/1/1959,n,0.002407568,0.03,-0.03446612,-0.008736289,-0.015153067,0.06,0.34
10/1/1959,n,0.001373155,0.26,-0.001205867,0.001723428,-0.046711737,0.187,0.12
11/1/1959,n,0.00102863,0.22,-0.007292321,-0.001311033,0.01118891,0.135,0.1
12/1/1959,n,0.002396031,0.02,0.006080621,0.005159276,0.013126251,0.093,0.11
1/1/1960,n,0.003412973,-0.01,0.059981251,0.010017893,0.027250565,-0.35,0.11
2/1/1960,n,0,0,0.025915554,0.001844202,-0.07414647,-0.038,0.13
3/1/1960,n,0.002042206,-0.02,-0.008936898,0.004393914,0.009129178,-0.286,0.26
4/1/1960,n,-0.001361007,-0.13,-0.009017487,-0.001082897,-0.013996263,0.397,0.18
5/1/1960,y,0.001361007,0.08,-0.007961168,0.006571084,-0.017683462,-0.106,0.25
6/1/1960,y,0,-0.07,-0.001142501,-0.006185511,0.026498882,-0.051,0.78
7/1/1960,y,0.004410525,-0.53,-0.012650248,-0.002334066,0.019335343,0.197,0.87
8/1/1960,y,0.001015057,-0.09,-0.003479167,-0.000773096,-0.025083589,0.07,1.12
9/1/1960,y,0.001351808,-0.25,-0.001162418,-0.000626278,0.025786101,0.11,1.5
10/1/1960,y,-0.002028398,-0.38,-0.010518771,-0.000829501,-0.062293834,-0.062,1.63
11/1/1960,y,0.002028398,-0.13,-0.001176084,-0.001568715,-0.002431972,0.368,1.66
12/1/1960,y,0,-0.03,-0.014217651,-0.003348661,0.039480056,0.078,2.12
1/1/1961,y,0.00471699,-0.46,-0.019278345,-0.004066745,0.045234283,0.287,2.65
2/1/1961,y,0.001007895,-0.53,0.001216121,-0.001098441,0.061241888,0.054,1.56
3/1/1961,n,0.00100688,1.09,-0.001216121,-0.002349871,0.02651489,0.161,2.08
4/1/1961,n,0.001005868,-0.52,0.006065867,0.001902702,0.025215329,0.021,2.61
5/1/1961,n,0,-0.53,0.020344432,-0.000596536,0.003835243,0.04,2.12
6/1/1961,n,0,0.49,0.015285169,0.002960538,0.018958633,0.11,2.37
7/1/1961,n,-0.001005868,-0.25,0.013904659,0.00354482,-0.029270368,-0.118,2.93
8/1/1961,n,0.001005868,-0.56,0.011444751,0.002701204,0.03227073,0.043,2.1
9/1/1961,n,0,0.83,0.009058348,0.00322816,0.019432459,-0.246,2.22
10/1/1961,n,0.002677378,-0.12,-0.001128326,0.001656147,-0.019881916,-0.006,1.84
11/1/1961,n,0.000668226,0.38,0.019006515,0.002460749,0.027929409,-0.103,1.49
12/1/1961,n,0.001335114,0.35,0.015384949,0.004026949,0.038592712,-0.278,1.77
1/1/1962,n,0,-0.28,0.008684609,0.002371961,0.003219755,-0.118,1.95
2/1/1962,n,0,-0.18,-0.008684609,0.0003462,-0.038611635,-0.096,1.63
3/1/1962,n,0.001000167,0.22,0.016225651,0.005396138,0.016138723,-0.21,1.01
4/1/1962,n,0.000999167,0.48,0.005351853,0.001575188,-0.005877674,0.05,1.08
5/1/1962,n,0.002327516,-0.07,0.002128901,0.005898445,-0.063973214,-0.015,1.54
6/1/1962,n,0.001990711,-0.42,-0.001065809,0.0004675,-0.089913927,-0.043,1.32
7/1/1962,n,0.001324942,0.32,-0.002131174,0.000287584,-0.085381451,-0.019,1.33
8/1/1962,n,0.000992556,0.03,0.009568092,0.001831404,0.061623317,-0.025,1.03
9/1/1962,n,-0.000992556,0.22,0.001057916,0.001648982,0.015168574,0.194,1.04
10/1/1962,n,0.000330961,-0.03,0.006320309,0.002504115,-0.049407726,-0.052,1.02
11/1/1962,n,0.001983472,0,0.001050143,0.001124809,0.004433024,-0.158,0.98
12/1/1962,n,0.004612858,0.04,0.004189581,0.000267625,0.096724575,0.221,0.92
1/1/1963,n,-0.00131579,-0.01,0,-0.000499625,0.013401605,-0.117,0.95
2/1/1963,n,0,-0.01,0.007286048,0.001551591,0.04795968,0.167,0.94
3/1/1963,n,0,0.08,0.011349135,0.002047266,-0.029276304,0.164,0.97
4/1/1963,n,0.001973036,-0.02,0.006132893,0.00159929,0.034849912,-0.166,1.05
5/1/1963,n,0.001313198,-0.08,0.009134859,0.004605854,0.047380027,-0.017,0.96
6/1/1963,n,0.000983768,0.1,0.012047836,0.000636065,0.01422499,0.162,1.01
7/1/1963,n,-0.000983768,-0.01,0.002990313,0.000759214,-0.020404502,-0.24,0.98
8/1/1963,n,0.000983768,0.03,-0.003989075,0.002379841,-0.003465794,0.074,0.53
9/1/1963,n,0.003272254,0.47,0.001996527,0.002040386,0.047597815,-0.173,0.59
10/1/1963,n,0.002610116,-0.01,0.00991971,0.002947681,-0.011095856,0.079,0.65
11/1/1963,n,0.001953126,0.02,0.006884648,0.003585142,0.03170954,0.03,0.6
12/1/1963,n,-0.000976086,-0.02,0.004891263,-0.000488921,-0.010595032,0.164,0.76
1/1/1964,n,0.000976086,-0.1,-0.001953635,0.001849655,0.024149491,-0.176,0.67
2/1/1964,n,0.000975134,0.1,0.008761458,0.002194205,0.026570076,0.054,0.7
3/1/1964,n,0.003243597,0,0.006758314,0.004616461,0.009816689,-0.097,0.8
4/1/1964,n,0.00194112,-0.05,0,0.002490274,0.015053224,0.018,0.75
5/1/1964,n,-0.000970089,0.04,0.01623025,0.000431708,0.006059044,-0.032,0.69
6/1/1964,n,0.000970089,0.03,0.005667206,0.002879039,0.011387272,-0.154,0.65
7/1/1964,n,0.000323154,0,0.002818214,0.002235445,0.01629061,0.05,0.77
8/1/1964,n,0.000968836,-0.08,0.006552968,0.003309586,0.018075314,-0.206,0.71
9/1/1964,n,0.000967898,0.08,0.00650696,0.003537528,-0.016362985,0.047,0.73
10/1/1964,n,0.000322425,-0.05,0.003701246,0.004833147,0.028313414,0.057,0.8
11/1/1964,n,0.000966651,-0.09,-0.013947499,-0.001869223,0.008045488,0.014,0.68
12/1/1964,n,0.000965717,0.16,0.030432361,0.00720275,-0.005198535,-0.175,0.36
1/1/1965,n,0.001286174,0.33,0.011738066,0.00342215,0.00390143,0.1,0.29
2/1/1965,n,0.002887857,0.05,0.010713945,0.002705816,0.032618504,-0.079,0.24
3/1/1965,n,0.00128082,0.08,0.006199057,0.003652146,-0.001485777,0.158,0.15
4/1/1965,n,0.000959539,0.07,0.013149398,0.0033889,-0.014632394,-0.22,0.12
5/1/1965,n,0,0.04,0.004347076,0.004257378,0.033665494,0.085,0.13
6/1/1965,n,0.00095862,0.01,0.007774323,0.003842655,-0.007773407,-0.163,0.15
7/1/1965,n,0.002233212,-0.05,0.007717432,0.003284346,-0.049853779,-0.045,0.13
8/1/1965,n,0.003181676,0.04,0.00934919,0.004520989,0.01334373,-0.086,0.15
9/1/1965,n,0.004121103,0.03,0.004219248,0.004304672,0.022272096,-0.047,0.33
10/1/1965,n,-0.000949517,-0.1,0.002524851,0.004269959,0.031504904,-0.038,0.33
11/1/1965,n,-0.00095042,0.06,0.010036134,0.003717265,0.026978268,-0.073,0.38
12/1/1965,n,0.002216243,0.02,0.004149185,0.004478042,-0.008802937,-0.07,0.33
1/1/1966,n,0.000948317,0.22,0.012351159,0.005244627,0.008911154,-0.042,0.27
2/1/1966,n,0.003154577,0.1,0.009771667,0.003315956,0.004856704,-0.043,0.42
3/1/1966,n,0.003144657,0.18,0.006463736,0.004260928,-0.018034123,-0.168,0.05
4/1/1966,n,0.000941472,0.06,0.013592529,0.006286334,-0.022056843,0.067,0.12
5/1/1966,n,0.006253929,0.01,0.001587716,0.003869577,0.020301268,-0.059,-0.1
6/1/1966,n,0.003112359,0.23,0.009470882,0.00432564,-0.05566086,0.122,-0.2
7/1/1966,n,0.003102702,0.27,0.004703427,0.006243028,-0.016270026,-0.078,-0.25
8/1/1966,n,0.002166178,0.13,0.005456709,0.002959227,-0.013544225,0.004,-0.17
9/1/1966,n,0.000926927,0.23,0.000777506,0.003198562,-0.080940242,0.024,-0.38
10/1/1966,n,0.002159495,-0.13,0.00928044,0.002106079,-0.007028534,-0.102,-0.56
11/1/1966,n,0.006144413,0.13,0.006903553,0.003258766,0.046448756,0,-0.64
12/1/1966,n,0.003058106,0.23,-0.006903553,0.002540945,0.003112359,-0.028,-0.76
1/1/1967,n,0.003048783,-0.36,0.002307408,0.002764597,-0.001492661,0.142,-0.42
2/1/1967,n,0.000912825,-0.46,0.004706568,0.003185155,0.075272119,0.056,-0.28
3/1/1967,n,0.001215806,0.06,-0.011407469,0.000336299,0.001960875,-0.053,-0.03
4/1/1967,n,-0.000607718,-0.47,-0.005653221,0.001542468,0.038653225,-0.026,0.73
5/1/1967,n,0.003034904,-0.48,0.009387667,-0.000977129,0.041371787,0.006,0.87
6/1/1967,n,0,-0.11,-0.008761693,0.002349604,-0.053866316,0.034,1.24
7/1/1967,n,0.003025721,0.04,-0.000126286,0.001979144,0.017360741,0.063,1.37
8/1/1967,n,0,-0.19,-0.002278696,0.00209666,0.044346238,-0.048,1.37
9/1/1967,n,0.006024115,0.11,0.01897771,0.003862734,-0.011784212,0.001,1.32
10/1/1967,n,0.002998503,0.09,-0.001624233,0.000317444,0.032259167,0.013,1.76
11/1/1967,n,0.002989539,-0.11,0.008111367,0.000921527,-0.035896659,0.185,1.61
12/1/1967,n,0.002980628,0.25,0.01419935,0.007191894,0.007474642,-0.077,1.19
1/1/1968,n,0.00297177,0.38,0.010713351,0.002949038,0.025937307,-0.048,0.93
2/1/1968,n,0.005917177,0.1,-0.001078502,-0.001436008,-0.044838235,-0.14,0.85
3/1/1968,n,0.00294551,0.1,0.003578931,0.006133478,-0.031720688,0.123,0.71
4/1/1968,n,0.00293686,0.34,0.003116769,0.001189503,0.009356228,-0.124,-0.02
5/1/1968,n,0.00292826,0.71,0.001445863,0.003870944,0.077412633,-0.168,-0.26
6/1/1968,n,0.00291971,0.36,0.011153499,0.001420035,0.012440265,0.031,-0.43
7/1/1968,n,0.00291121,-0.05,0.00366768,0.003732751,0.00907907,0.198,-0.64
8/1/1968,n,0.00290276,-0.04,-0.001534646,0.003249262,-0.01865049,-0.055,-0.61
9/1/1968,n,0.005780363,0,0.002787329,0.002989977,0.011393847,-0.115,-0.29
10/1/1968,n,0.005747142,-0.25,0.003779904,0.002251233,0.037815224,-0.082,-0.3
11/1/1968,n,0.002861232,0.13,0.001982058,0.003454688,0.007181766,0.003,-0.04
12/1/1968,n,0.002853069,-0.09,0.012852632,0.003819764,0.046849618,0.026,0.14
1/1/1969,n,0.005681833,0.2,0.003152989,0.00381967,-0.042507478,-0.03,-0.11
2/1/1969,n,0.002828856,0.28,0.006032316,0.002754406,-0.008217758,0.033,-0.35
3/1/1969,n,0.005633818,0.31,0.006377607,0.003737301,-0.048532991,-0.026,-0.49
4/1/1969,n,0.002805051,0.18,0.007811862,0.002951207,0.033864236,0.02,-1.21
5/1/1969,n,0.002797205,0.62,-0.003685733,0.002386107,0.021248362,0.046,-2.11
6/1/1969,n,0.008344972,1.26,-0.003787735,0.003646728,-0.002220643,-0.045,-2.17
7/1/1969,n,0.005524876,0.23,0.009721414,0.004369917,-0.057181157,0.103,-1.95
8/1/1969,n,0.002751033,-0.29,0.005267095,0.001315743,-0.062064834,0.052,-2.36
9/1/1969,n,0.005479466,0.58,0.002295659,0.003936874,0.039291912,-0.012,-1.64
10/1/1969,n,0.005449605,-0.04,-0.000225854,-0.001324671,-0.025341959,0.184,-2.06
11/1/1969,n,0.002713706,-0.15,0.000292856,0.002914777,0.042058342,0.009,-1.56
12/1/1969,n,0.005405419,-0.15,-0.009471796,-0.00049224,-0.034675919,-0.193,-1.09
1/1/1970,y,0.005376357,0.12,-0.002686545,0.002178084,-0.018830922,0.028,-1.23
2/1/1970,y,0.005347606,0.01,-0.018690711,-0.000912812,-0.079554029,0.317,-2.08
3/1/1970,y,0.005319161,0,-0.000660494,0.001810768,0.051352138,0.252,-0.68
4/1/1970,y,0.005291018,-1.22,-0.001299219,0.002045449,0.001451427,0.182,-0.28
5/1/1970,y,0.00526317,0.34,-0.002572662,-0.001442587,-0.0948417,0.162,0
6/1/1970,y,0.005235614,-0.15,-0.00116784,-0.00314448,-0.062904191,0.122,0.07
7/1/1970,y,0.005208345,-0.34,-0.003237976,-0.001336588,-0.051327698,0.152,0.17
8/1/1970,y,0.002594035,-0.4,0.002450071,0.000337833,0.070733222,0.104,0.87
9/1/1970,y,0.00516797,-0.59,-0.00178409,-0.001633918,0.043498667,0.081,1
10/1/1970,y,0.002574004,-0.33,-0.006916285,9.87E-05,0.033533548,0.2,1.13
11/1/1970,y,0.002567396,-0.09,-0.020207692,-0.005980296,-0.012533772,0.135,0.89
12/1/1970,n,0.005115101,-0.6,-0.006074244,-0.001589442,0.046356168,0.307,1.6
1/1/1971,n,0.00508907,-0.7,0.022705382,0.005424904,0.055213409,0.178,1.95
2/1/1971,n,0.005063302,-0.76,0.007663231,0.001030659,0.039679672,-0.09,2.42
3/1/1971,n,0.005037794,-0.42,-0.001909013,-0.000818793,0.009032954,-0.083,1.82
4/1/1971,n,0.002509412,-0.01,-0.00108175,0.000748234,0.036135039,0.084,1.92
5/1/1971,n,0,0.45,0.005598427,0.002480691,0.035644614,-0.028,1.75
6/1/1971,n,0.00250313,0.47,0.00506149,0.002965922,-0.042446691,0.037,1.79
7/1/1971,n,0.00249688,0.28,0.004184787,9.82E-05,-0.009378378,-0.047,1.54
8/1/1971,n,0.004975135,0.4,-0.002906737,0.000855726,-0.032121302,0.086,0.71
9/1/1971,n,0.004950505,0.26,-0.005820886,0.000812963,0.03545921,0.099,0.45
10/1/1971,n,0.002466092,-0.02,0.016121457,0.003370939,-0.006992003,-0.092,0.67
11/1/1971,n,0.002460026,-0.35,0.007457993,0.000390909,-0.042692187,-0.088,1.02
12/1/1971,n,0.002453989,-0.29,0.004236511,0.002857364,-0.002550262,0.207,1.75
1/1/1972,n,0.002447982,-0.77,0.011477476,0.003640005,0.082666366,-0.007,2.58
2/1/1972,n,0.002442004,-0.63,0.023771634,0.004593574,0.017959091,-0.135,2.74
3/1/1972,n,0.002436055,-0.21,0.009615123,0.002853423,0.024988217,-0.091,2.29
4/1/1972,n,0.002430135,0.53,0.006887338,0.004066163,0.005894174,0.11,1.97
5/1/1972,n,0.004842624,0.34,0.010515199,0.002984137,0.004374755,-0.079,1.78
6/1/1972,n,0,0.1,-0.000518779,0.004187388,0.0171275,-0.037,1.69
7/1/1972,n,0.002412546,0.19,0.002833494,0.003925915,-0.022062094,0.001,1.57
8/1/1972,n,0.00240674,0.09,-0.000437572,-0.000664555,0.002330677,-0.01,1.61
9/1/1972,n,0.002400962,0.26,0.013204822,0.005843777,0.033873589,0.026,1.67
10/1/1972,n,0.002395211,0.06,0.007608646,0.001657626,-0.004872713,-0.09,1.36
11/1/1972,n,0.002389487,0.18,0.013278036,0.005505661,0.009273906,0.026,1.22
12/1/1972,n,0.004761914,0.01,0.011758631,0.003996076,0.044607579,-0.273,1.08
1/1/1973,n,0.00237248,0.27,0.011388672,0.003927029,0.011758869,-0.059,0.6
2/1/1973,n,0.004728141,0.61,0.006483166,0.004626048,-0.017259519,-0.217,0.06
3/1/1973,n,0.002355714,0.64,0.014714302,0.005236408,-0.038211131,0.126,-0.36
4/1/1973,n,0.004694844,0.51,0.000469806,0.003545684,-0.001433719,-0.058,-0.42
5/1/1973,n,0.007001195,0.03,-0.001381773,0.002239115,-0.041655489,0.065,-0.91
6/1/1973,n,0.009259325,0.72,0.006413972,0.00252118,-0.019064413,-0.13,-1.55
7/1/1973,n,0.006888661,0.65,0.000685627,0.003113299,-0.006596219,0.034,-2.97
8/1/1973,n,0.004566218,1.91,0.004125452,0.000338101,0.037278403,-0.058,-3.25
9/1/1973,n,0.006810469,0.1,-0.001665825,0.00330995,-0.037374341,0,-3.88
10/1/1973,n,0,0.28,0.008921623,0.001398565,0.039312943,0.045,-3.3
11/1/1973,n,0.017937701,-0.77,0.006713158,0.004274201,-0.001291981,-0.206,-3.34
12/1/1973,y,0.004434597,0.02,0.005275325,0.00402503,-0.120881395,0.252,-3.05
1/1/1974,y,0.00881063,-0.08,-0.002389614,0.001423524,0.01643367,0.093,-2.65
2/1/1974,y,0.006557401,-0.3,-0.007056161,0.000883873,-0.010096964,0.155,-1.96
3/1/1974,y,0.008676844,-0.68,-0.003109346,0.001969889,-0.003630887,0.087,-1.94
4/1/1974,y,0.010741242,0.38,0.000314364,0.00053657,-0.023555221,-0.097,-2.85
5/1/1974,y,0.010627093,1.16,-0.003461301,0.001097793,-0.039833851,-0.016,-3.79
6/1/1974,y,0.010515344,0.8,0.007852045,0.002128325,-0.034126844,0.087,-4.29
7/1/1974,y,0.006256538,0.62,-0.00108629,0.000699955,-0.014774034,0.222,-5.03
8/1/1974,y,0.010341354,0.99,0.000492172,0.000407021,-0.080983097,0.136,-3.9
9/1/1974,y,0.008196767,-0.91,-0.009754233,-0.000216209,-0.094616886,-0.041,-3.4
10/1/1974,y,0.006103783,-0.67,0.00049245,-0.000114483,-0.127077668,0.415,-2.27
11/1/1974,y,0.012096922,-1.28,-0.003737066,0.000254388,0.15104321,0.086,-1.81
12/1/1974,y,0.013930574,-0.61,-0.033333128,-0.004652802,-0.054646262,0.617,-1.13
1/1/1975,y,0.007874056,-0.92,-0.036047326,-0.007863198,-0.020357348,0.496,0.4
2/1/1975,y,0.009756175,-1.4,-0.013813336,-0.004633911,0.115836442,0.865,1.22
3/1/1975,y,0.007736983,-0.89,-0.02326765,-0.004863476,0.05816097,0.019,2.47
4/1/1975,n,0.007677581,-0.7,-0.010780364,-0.003516407,0.021461934,0.458,2.82
5/1/1975,n,0.005719749,-0.05,0.000788266,-0.002455784,0.046181907,0.232,2.82
6/1/1975,n,0.003795071,-0.27,-0.00229376,0.002142615,0.043156026,0.223,2.41
7/1/1975,n,0.003780723,0.33,0.006561419,-0.001345131,0.043368392,-0.213,2.1
8/1/1975,n,0.001885015,0.55,0.009634194,0.003248726,-0.070051487,-0.093,2.08
9/1/1975,n,0.007504726,0.04,0.010321128,0.004976525,-0.021295607,-0.199,2.24
10/1/1975,n,0.009302393,0.1,0.012284234,0.000971622,-0.035259805,-0.005,2.09
11/1/1975,n,0.003696862,-0.42,0.00441059,0.004031847,0.059817701,-0.026,2.92
12/1/1975,n,0.007352974,-0.6,0.002155061,0.001868256,0.024407657,-0.103,2.56
1/1/1976,n,0.005479466,-0.02,0.012368218,0.004264563,-0.011574797,-0.05,2.93
2/1/1976,n,0.00725956,-0.33,0.014380939,0.006210089,0.111814848,-0.21,3
3/1/1976,n,0.005410293,-0.1,0.009981939,0.003979181,-0.011467464,-0.208,2.82
4/1/1976,n,0.003590668,0.07,0.000895005,0.002939241,0.03022749,-0.096,2.85
5/1/1976,n,0.001790511,-0.02,0.005615737,0.003081978,-0.011056304,0.1,2.67
6/1/1976,n,0.001787311,0.47,0.004655072,0.0002522,-0.014468581,-0.277,2.38
7/1/1976,n,0.001784122,0.19,0.000196996,0.000806614,0.040111012,0.269,2.55
8/1/1976,n,0.005333346,-0.17,0.005968915,0.002151986,-0.008087826,0.168,2.37
9/1/1976,n,0.005305052,-0.02,0.007019865,0.001971731,-0.005136895,0.028,2.3
10/1/1976,n,0.005277057,-0.04,0.002822963,0.00235595,0.022388578,-0.138,2.4
11/1/1976,n,0.005249356,-0.23,0.000383343,0.000237793,-0.022485775,0.05,2.06
12/1/1976,n,0.005221944,-0.07,0.014637334,0.004108628,-0.007804957,0.19,2.16
1/1/1977,n,0.005194817,-0.3,0.010409644,0.002588869,0.05116597,-0.075,2.79
2/1/1977,n,0.003448279,-0.04,-0.005490202,0.003003639,-0.051851798,-0.265,2.77
3/1/1977,n,0.005150226,0.07,0.015134448,0.003686344,-0.021898314,0.163,2.73
4/1/1977,n,0.005123837,0.01,0.01231924,0.004963706,-0.014124549,-0.136,2.72
5/1/1977,n,0.010169579,0.04,0.009363682,0.004131959,0.000203231,-0.248,2.03
6/1/1977,n,0.005046268,0.62,0.008307682,0.004395182,-0.023849804,-0.148,1.81
7/1/1977,n,0.006688988,0.04,0.007194034,0.004860986,0.04436129,0.223,2
8/1/1977,n,0.00332779,0.03,0.001401451,0.004185777,-0.016355203,-0.305,1.38
9/1/1977,n,0.004971013,0.48,0.000281269,0.002905209,-0.021266531,0.096,1.27
10/1/1977,n,0.004946424,0.24,0.004803733,0.005485978,-0.002483167,-0.174,1.15
11/1/1977,n,0.004922077,0.33,0.00191706,0.003203216,-0.044376457,0.012,1.04
12/1/1977,n,0.003267977,0.04,0.001054525,0.004441197,0.026608462,0.052,1.22
1/1/1978,n,0.004882028,0.05,0.001668897,0.002811673,0.002843113,-0.429,1.24
2/1/1978,n,0.006472515,0.14,-0.013891032,0.002177464,-0.063487528,0.103,1.26
3/1/1978,n,0.004827041,0.08,0.004938342,0.004175962,-0.025073626,-0.171,1.36
4/1/1978,n,0.006400022,0.01,0.018882205,0.006009126,0.024625335,0.019,1.35
5/1/1978,n,0.004773279,0.1,0.020505562,0.008180815,0.081963755,-0.157,1.06
6/1/1978,n,0.006329135,0.47,0.003702544,0.00401921,0.004225245,-0.053,1.02
7/1/1978,n,0.0078555,0.24,0.0068661,0.005084786,-0.017741805,-0.099,0.75
8/1/1978,n,0.009345862,0.21,-0.000463718,0.002916961,0.052506846,0.281,0.35
9/1/1978,n,0.007722046,0.23,0.003747837,0.003194287,0.025593405,-0.229,0.11
10/1/1978,n,0.007662873,0.41,0.002522016,0.001576206,-0.0072876,0.045,0
11/1/1978,n,0.006088299,0.51,0.007989268,0.003815994,-0.096041858,-0.178,-0.9
12/1/1978,n,0.009063506,0.8,0.007547519,0.004933465,0.01650285,0.13,-0.88
1/1/1979,n,0.008982096,0.27,0.005331803,0.003162737,0.014779411,0.151,-1.12
2/1/1979,n,0.005943554,0.04,-0.006450975,0.001543845,0.038976562,-0.119,-0.89
3/1/1979,n,0.005908437,-0.01,0.005358384,0.00277742,-0.037209338,0.064,-0.98
4/1/1979,n,0.008797711,0.03,0.003126535,0.004749804,0.053684463,-0.064,-0.66
5/1/1979,n,0.010167117,-0.08,-0.011345056,-0.00069314,0.001672054,-0.04,-1.18
6/1/1979,n,0.010064787,0.23,0.008000984,0.004151653,-0.026689494,-0.229,-1.48
7/1/1979,n,0.009964495,0.05,-5.63E-05,0.003546478,0.037927234,0.119,-1.46
8/1/1979,n,0.011267725,0.18,-0.001358872,0.001208928,0.008707427,0.037,-1.7
9/1/1979,n,0.011142177,0.47,-0.006659581,0.000919581,0.051717075,0.324,-1.99
10/1/1979,n,0.011019395,0.49,0.001109237,0.000298959,0,-0.13,-3.05
11/1/1979,n,0.009543358,2.34,0.005469579,0.001703465,-0.071072813,0.106,-2.8
12/1/1979,n,0.009453143,-0.59,-0.000886961,0.001016271,0.041740879,-0.058,-3.45
1/1/1980,n,0.010695289,0.6,0.001286964,0.001092444,0.016628108,0.087,-2.69
2/1/1980,y,0.010582109,0.04,0.004559597,0.001410686,0.056025472,0.358,-1.41
3/1/1980,y,0.011772536,0.31,2.99E-05,0.000913679,-0.004389437,0.019,-4.55
4/1/1980,y,0.01420295,3.06,-0.003292941,0.001220605,-0.107356833,0.027,-6.85
5/1/1980,y,0.012739026,0.42,-0.020761808,-0.001594783,0.040316479,0.629,-0.73
6/1/1980,y,0.013828002,-6.63,-0.024610389,-0.004733306,0.045518794,0.626,0.62
7/1/1980,y,0.00993797,-1.51,-0.01241889,-0.003534219,0.02661147,0.114,1.73
8/1/1980,n,0.009840178,-0.44,-0.007750261,-0.002900953,0.063010964,0.265,1.94
9/1/1980,n,0.009744291,0.58,0.00358543,0.002878755,0.005818488,-0.082,0.99
10/1/1980,n,0.001211387,1.26,0.01608913,0.001264475,0.024856041,-0.26,-0.35
11/1/1980,n,0.007237667,1.94,0.012538218,0.003065807,0.015894076,0.067,-3.13
12/1/1980,n,0.008378266,3.04,0.017114773,0.002836067,0.097468805,-0.065,-6.47
1/1/1981,n,0.009489988,3.05,0.005640445,0.002157522,-0.034461272,-0.305,-6.4
2/1/1981,n,0.010569681,0.18,-0.005733833,0.000989142,-0.046821654,0.353,-2.5
3/1/1981,n,0.009302393,-3.15,-0.004600133,0.000790609,0.013189371,-0.02,-1.57
4/1/1981,n,0.009216655,-1.23,0.005280332,0.001151853,0.035398584,-0.069,-1.61
5/1/1981,n,0.009132484,1.02,-0.004455413,0.000800031,-0.023735365,-0.113,-5.02
6/1/1981,n,0.006795043,2.8,0.005936151,0.000142404,-0.00165789,0.305,-5.24
7/1/1981,n,0.005627477,0.58,0.0047074,0.002122702,-0.010462483,-0.076,-4.37
8/1/1981,y,0.006711435,-0.06,0.006541317,0.001212512,-0.002212712,-0.235,-2.41
9/1/1981,y,0.008879082,-1.22,-0.000135411,-0.000393086,-0.064110847,0.173,-0.03
10/1/1981,y,0.010989122,-1.95,-0.005970629,-0.000961528,-0.055334875,0.194,-0.45
11/1/1981,y,0.007621158,-0.79,-0.00676818,-0.001060938,0.047978278,0.416,-0.18
12/1/1981,y,0.009714054,-1.77,-0.011512845,-0.002289772,0.035936828,0.383,1.61
1/1/1982,y,0.003217161,-0.94,-0.010978454,-0.00303187,-0.030536684,0.238,0.92
2/1/1982,y,0.004273511,0.85,-0.020134162,-0.003637169,-0.017699585,0.13,-0.75
3/1/1982,y,0.003193191,1.56,0.01963138,-2.21E-05,-0.062458744,0.308,-0.5
4/1/1982,y,0.003183027,-0.1,-0.007654716,-0.001425438,-0.01021915,0.19,-1.07
5/1/1982,y,0.003172927,0.26,-0.008832775,-0.003145353,0.03923448,0.349,-0.74
6/1/1982,y,0,-0.49,-0.006455246,-0.000477097,-0.039949295,0.091,0.29
7/1/1982,y,0.003162891,-0.3,-0.003372388,-0.002689309,-0.020498221,0.203,1.09
8/1/1982,y,0.00942909,-1.56,-0.003114762,-0.00383531,-0.023259055,0.311,2.69
9/1/1982,y,0.011404997,-2.47,-0.00880125,-0.001766508,0.109730502,0.032,1.42
10/1/1982,y,0.0051414,0.19,-0.003068865,-0.002016288,0.007585549,0.336,1
11/1/1982,y,0.002049181,-0.6,-0.008949856,-0.003099559,0.104762454,0.312,1.59
12/1/1982,n,0,-0.51,-0.004013174,-0.0013619,0.035338832,0.409,1.41
1/1/1983,n,0.004085808,-0.25,-0.007220606,-0.00016896,0.015116525,0.113,2.12
2/1/1983,n,-0.001019888,-0.27,0.019171464,0.002463984,0.032597164,-0.517,1.76
3/1/1983,n,-0.00306592,-0.17,-0.006270611,-0.000820654,0.018816992,0.011,1.85
4/1/1983,n,0.00204499,0.26,0.008082853,0.001943744,0.032558912,-0.137,1.47
5/1/1983,n,0.001020929,0.03,0.012147479,0.003070822,0.07230841,-0.14,2.18
6/1/1983,n,0.001019888,-0.17,0.006812855,0.003128354,-0.012484062,-0.114,1.98
7/1/1983,n,0.007110238,0.35,0.005967215,0.004196706,0.031817974,0.092,2.39
8/1/1983,n,0.00404041,0.39,0.01502059,0.004610499,-0.030771665,-0.698,2.42
9/1/1983,n,0.002014099,0.19,0.011096064,-0.003411498,0.011255294,0.075,1.99
10/1/1983,n,0.00401607,-0.11,0.015025786,0.012328138,0.010106982,-0.341,2.26
11/1/1983,n,0.003001503,0.03,0.008280226,0.002987412,-0.015290656,-0.395,2.29
12/1/1983,n,0.002992521,-0.14,0.003489427,0.00387143,0.01727572,-0.388,2.35
1/1/1984,n,0.003976148,0.13,0.005260918,0.0038565,-0.008873393,-0.168,2.11
2/1/1984,n,0.00297177,0.09,0.019725965,0.004791711,-0.009258694,-0.323,2.45
3/1/1984,n,0.002962965,0.03,0.004280142,0.005209074,-0.039634519,-0.217,2.62
4/1/1984,n,0.006879634,0.32,0.004915409,0.002915548,0.013407708,-0.045,2.53
5/1/1984,n,0.004885208,0.38,0.006262876,0.003877775,0.005450692,0.016,3.59
6/1/1984,n,0.00291971,0.03,0.004726295,0.003257228,-0.06119101,-0.306,2.78
7/1/1984,n,0.003879733,0.74,0.003483169,0.004040795,0.01731838,-0.23,1.68
8/1/1984,n,0.001934237,0.17,0.003137707,0.003275781,-0.016587986,0.311,1.15
9/1/1984,n,0.001930503,0.41,0.000951687,0.002560308,0.101050096,-0.018,1.17
10/1/1984,n,0.00384986,-0.34,-0.001772219,0.003277727,-0.003485712,-0.152,1.8
11/1/1984,n,0.0028777,-1.31,-0.001648449,0.002984717,-6.03E-05,0.014,2.15
12/1/1984,n,0.002869442,-0.56,0.003938902,0.003684553,-0.015227606,-0.183,3.17
1/1/1985,n,0.00381316,-1.05,0.001119254,0.00130148,0.022127757,0.16,2.82
2/1/1985,n,0.001901141,-0.03,-0.0015983,0.002753549,0.071469271,0.065,3.41
3/1/1985,n,0.001897534,0.15,0.003423074,0.001358393,0.008591766,-0.102,3.07
4/1/1985,n,0.00189394,0.08,0.001612339,0.003506689,-0.00287414,0.018,3.14
5/1/1985,n,0.005660392,-0.31,-0.002731328,0.00202187,-0.004604863,0.056,2.31
6/1/1985,n,0.004692641,-0.3,0.001411851,0.002819657,0.052640886,-0.093,2.72
7/1/1985,n,0.001870908,-0.44,0.000732666,0.001509465,0.01206099,0.158,2.69
8/1/1985,n,0.001867414,0.35,-0.006524151,0.001937399,-0.004859366,0.053,2.38
9/1/1985,n,0.002794599,0.02,0.004134353,0.001964316,-0.012067031,-0.317,2.39
10/1/1985,n,0.001858737,0.02,0.004306735,0.002093066,-0.035341289,0.052,2.02
11/1/1985,n,0.001855288,0.07,-0.004141432,0.001915651,0.04163013,0.05,1.54
12/1/1985,n,0.001851852,0.06,0.003372972,0.002135493,0.063032626,-0.17,0.73
1/1/1986,n,0.003693448,0.22,0.010412365,0.001684835,0.044075346,0.01,0.94
2/1/1986,n,0.004597709,-0.13,0.004627654,0.001246573,0.002363732,-0.343,0.27
3/1/1986,n,0.004576667,-0.28,-0.00658238,0.001164091,0.069049528,0.607,-0.09
4/1/1986,n,0.003646312,-0.38,-0.006916003,0.000879761,0.051447506,-0.019,0.39
5/1/1986,n,-0.001821494,-0.49,0.000316529,0.001888365,-0.014249177,-0.019,1.2
6/1/1986,n,-0.005484474,-0.14,0.002161739,0.001280442,0.049008509,0.075,0.43
7/1/1986,n,-0.003673099,0.07,-0.003263833,-0.000937486,0.014010908,0.069,0.78
8/1/1986,n,0.002756088,-0.36,0.005584615,0.003201968,-0.060475141,-0.189,0.78
9/1/1986,n,0.003663008,-0.39,-0.001336831,0.001155425,0.068772614,-0.184,1.56
10/1/1986,n,0.000913659,-0.28,0.002026564,0.003468293,-0.089310679,0.175,1.49
11/1/1986,n,0.000912825,-0.04,0.004666055,0.001869486,0.053284175,-0.067,1.11
12/1/1986,n,0.003642991,0.19,0.004543307,0.001865998,0.021249806,-0.084,0.32
1/1/1987,n,0.001816531,0.87,0.008384182,0.002001823,-0.028696094,-0.276,0.75
2/1/1987,n,0.001813237,-0.48,-0.003068876,0.001680029,0.123780037,0.009,1.09
3/1/1987,n,0.00361664,-0.33,0.013001701,0.00239091,0.036258271,-0.027,1.38
4/1/1987,n,0.005400553,0.03,0.001301345,0.002424747,0.02604766,-0.003,1.84
5/1/1987,n,0.003584233,0.24,0.006287866,0.003305984,-0.01151627,-0.32,1.64
6/1/1987,n,0.003571432,0.48,0.006435887,0.002253639,0.006016064,0.032,1.65
7/1/1987,n,0.004446428,-0.12,0.004639497,0.001689356,0.04680199,-0.176,2.08
8/1/1987,n,0.002658398,-0.15,0.006907458,0.003399514,0.047097015,-0.13,2.27
9/1/1987,n,0.004415018,0.15,0.008273769,0.001690551,0.034361658,-0.007,2.41
10/1/1987,n,0.002639685,0.49,0.002564049,0.002213911,-0.024462958,-0.159,1.59
11/1/1987,n,0.004384049,0.07,0.014482075,0.00477198,-0.245428036,0.125,2.3
12/1/1987,n,0.003493453,-0.6,0.0052342,0.002266235,-0.089212559,-0.192,2.06
1/1/1988,n,0.002612104,0.08,0.004926878,0.002791827,0.070329359,-0.099,1.43
2/1/1988,n,0.003472226,0.06,0.000449037,0.000887115,0.03963627,0.017,1.58
3/1/1988,n,0.001731602,-0.25,0.004335135,0.004433403,0.040966691,-0.024,1.99
4/1/1988,n,0.003454235,0,0.001999061,0.002635325,-0.03391182,-0.053,2
5/1/1988,n,0.001722653,0.29,0.005645846,0.002322904,0.009380608,-0.275,2.11
6/1/1988,n,0.002578429,0.22,-0.001170873,0.002193674,0.003171093,0.178,1.31
7/1/1988,n,0.005990604,0.42,0.002543629,0.003461922,0.042346602,-0.233,1.37
8/1/1988,n,0.002556456,0.24,0.0004286,0.002124472,-0.005426069,0.059,1.24
9/1/1988,n,0.004246291,0.26,0.0041653,0.001174109,-0.039364832,0.238,0.68
10/1/1988,n,0.004228336,0.18,-0.002742713,0.003202845,0.038960424,-0.239,0.35
11/1/1988,n,0.004210533,0.11,0.00495135,0.002477756,0.025633109,-0.036,0.71
12/1/1988,n,0.004192878,0.05,0.001585188,0.00320349,-0.019071593,-0.031,0.38
1/1/1989,n,0.003341691,0.41,0.004876867,0.002632135,0.014580756,-0.019,-0.11
2/1/1989,n,0.003330561,0.36,0.00300379,0.002457268,0.068699967,0.164,-0.04
3/1/1989,n,0.003319505,0.24,-0.004557721,0.002479171,-0.029371293,-0.323,-0.55
4/1/1989,n,0.004133946,0.49,0.00227128,0.001804249,0.020592475,-0.154,-0.82
5/1/1989,n,0.003294896,-0.01,0.000677719,0.001578371,0.048875816,0.263,-1.21
6/1/1989,n,0.004922077,-0.03,-0.006656184,0.00113118,0.034534262,-0.093,-1.43
7/1/1989,n,0.007337986,-0.28,0.000477139,0.001055849,-0.00795612,0.202,-1.42
8/1/1989,n,0.004862246,-0.29,-0.009225547,0.000388716,0.084681402,-0.082,-0.73
9/1/1989,n,0.003228413,-0.25,0.009195634,0.000471809,0.015397563,0.016,-0.71
10/1/1989,n,0.003218024,0.03,-0.003491781,0.002300349,-0.006565876,0.079,-0.92
11/1/1989,n,0,-0.18,-0.000651128,0.00098688,-0.025497775,0.04,-0.71
12/1/1989,n,0.00240674,-0.29,0.00327347,0.00254111,0.016406007,0.095,-0.52
1/1/1990,n,0.004796172,-0.1,0.006049899,0.000772101,0.021190699,-0.058,0.2
2/1/1990,n,0.003979313,-0.22,-0.006661479,0.003329744,-0.0712997,0.085,0.27
3/1/1990,n,0.003172088,0.01,0.009756297,0.00215886,0.008502791,-0.101,0.37
4/1/1990,n,0.009456335,0.04,0.004881531,0.001907988,0.023965503,-0.053,0.78
5/1/1990,n,0.003913899,-0.02,-0.00152078,0.000382985,-0.02725521,0.199,0.42
6/1/1990,n,0.004676548,-0.08,0.002131241,0.001393919,0.088000978,-0.055,0.14
7/1/1990,n,0.002330098,0.11,0.00320617,0.00015476,-0.008926085,-0.152,0.21
8/1/1990,y,0.001550388,-0.14,-0.001294874,-0.000291333,-0.005236846,0.332,0.73
9/1/1990,y,0.006177626,-0.02,0.003281936,-0.001895735,-0.099062814,0.266,0.62
10/1/1990,y,0.004608303,0.07,0.001264405,-0.00089443,-0.052540711,0.18,0.54
11/1/1990,y,0.008393792,-0.09,-0.007543676,-0.00137972,-0.006720747,0.091,0.45
12/1/1990,y,0.006815627,-0.3,-0.011760638,-0.001399939,0.058206844,0.305,0.77
1/1/1991,y,0.006769488,-0.5,-0.00656334,-0.000439601,0.024524557,0.137,1.12
2/1/1991,y,0.002246351,-0.4,-0.004350848,-0.001017317,0.040679026,0.114,1.77
3/1/1991,y,0.00373274,-0.66,-0.007005456,-0.002947809,0.065114457,0.25,1.93
4/1/1991,n,0.003718859,-0.13,-0.005253486,-0.001472565,0.021959939,0.321,2.11
5/1/1991,n,0.000742115,-0.21,0.00197008,-0.001936038,0.000319748,-0.147,2.28
6/1/1991,n,0,-0.13,0.009961227,-0.001061802,0.037878442,0.297,2.34
7/1/1991,n,0.002223046,0.12,0.009067233,0.000784919,-0.049077466,-0.044,2.38
8/1/1991,n,0.003694131,-0.08,0.00119102,-0.000387765,0.043882277,-0.106,2.16
9/1/1991,n,0.00294551,-0.16,0.000854581,0.000166203,0.019458239,0.08,2.02
10/1/1991,n,0.001469508,-0.21,0.008863011,0.000240023,-0.019329352,0.056,2.26
11/1/1991,n,0.002932553,-0.24,-0.001743212,0.000193823,0.01176476,0.12,2.57
12/1/1991,n,0.002923979,-0.4,-0.001145587,-0.000563112,-0.044896648,0.089,2.28
1/1/1992,n,0.001458789,-0.38,-0.003984597,0.000295443,0.105789493,0.267,3.28
2/1/1992,n,0.004363643,-0.4,-0.005609665,0.000378409,-0.020124905,0.085,3.21
3/1/1992,n,0.002898553,0.03,0.00713769,-0.000535352,0.009543854,0.171,3.56
4/1/1992,n,0.000723327,-0.08,0.008275599,0.00049844,-0.022073704,0.006,3.88
5/1/1992,n,0.002166848,-0.25,0.007552115,0.001420114,0.027510798,-0.045,3.51
6/1/1992,n,0.003601012,0.09,0.003256594,0.00119723,0.000963493,0.329,3.38
7/1/1992,n,0.002154399,-0.06,0.000143022,0.000607276,-0.017511263,0.296,3.47
8/1/1992,n,0.002149768,-0.51,0.008996844,0.000717215,0.038618305,-0.19,3.32
9/1/1992,n,0.002859187,0.05,-0.004933114,0.001212578,-0.024290162,-0.063,3.15
10/1/1992,n,0.002851035,-0.08,0.002320632,0.000312093,0.009064388,-0.006,3.7
11/1/1992,n,0.002132955,-0.12,0.007472849,0.001650634,0.002104068,-0.383,3.86
12/1/1992,n,0.002128415,-0.01,0.004245044,0.001217888,0.029812951,0.167,3.78
1/1/1993,n,0.004243288,-0.17,0.000902678,0.002038699,0.010057024,-0.008,3.37
2/1/1993,n,0.002818888,0.1,0.004322451,0.002726997,0.007021282,-0.232,3
3/1/1993,n,0.00140647,0.01,0.004423509,0.002274403,0.010429055,-0.142,2.96
4/1/1993,n,0.003507545,0.04,-0.001400934,-0.000454467,0.018524652,-0.127,3.09
5/1/1993,n,0.002098637,-0.11,0.003501646,0.002741842,-0.025745397,0.054,3.16
6/1/1993,n,0.001396648,0.04,-0.003477682,0.002463055,0.022463264,0.039,2.76
7/1/1993,n,0.00348311,0.04,0.001656622,0.001635663,0.000754945,-0.028,2.77
8/1/1993,n,0.00277778,0.02,0.00308146,0.002759195,-0.005341285,-0.191,2.42
9/1/1993,n,0.000693241,-0.03,-0.001051466,0.001358763,0.033852442,-0.167,2.31
10/1/1993,n,0.001385042,0.06,0.004771183,0.002173777,-0.010038144,-0.049,2.44
11/1/1993,n,0.002073972,-0.1,0.007648758,0.002553982,0.019207277,0.036,2.81
12/1/1993,n,0.001380262,0.03,0.004134313,0.002243907,-0.012994692,-0.208,2.87
1/1/1994,n,0.004129393,-0.06,0.005456768,0.002942516,0.010040597,-0.065,2.65
2/1/1994,n,0.002743486,0.09,0.003779412,0.00249879,0.031983768,0.153,2.9
3/1/1994,n,0.002052686,0.2,0.000273358,0.001650575,-0.030505596,-0.047,3.43
4/1/1994,n,0,0.09,0.010024661,0.004079237,-0.046825931,-0.113,3.5
5/1/1994,n,0.002730377,0.22,0.005650661,0.003033138,0.011464673,-0.139,3.16
6/1/1994,n,0.002722942,0.45,0.00510785,0.002944966,0.012320928,-0.416,3.09
7/1/1994,n,0.000679579,0.24,0.006361782,0.002778766,-0.027156239,0.012,2.86
8/1/1994,n,0.002035969,0.01,0.001531165,0.003251069,0.031004269,0.019,2.72
9/1/1994,n,0.002708194,0.21,0.005925791,0.002492311,0.0369091,-0.013,2.89
10/1/1994,n,0.003374961,0.26,0.003804269,0.00305028,-0.027245342,-0.199,3.05
11/1/1994,n,0.004034975,0.03,0.008432837,0.001829176,0.02061976,-0.102,2.62
12/1/1994,n,0.002011399,0.53,0.006144895,0.003553415,-0.040306099,-0.257,2.39
1/1/1995,n,0.000669568,0.16,0.010446266,0.002551352,0.012224099,-0.145,2.07
2/1/1995,n,0.002673798,0.08,0.001826736,0.002888262,0.023987692,0.145,1.3
3/1/1995,n,0.002000668,0.39,-0.001627542,0.001680975,0.035438714,-0.188,1.22
4/1/1995,n,0.002661346,0.06,0.001439569,0.001797915,0.026962418,-0.034,1.02
5/1/1995,n,0.002654282,0.07,-0.000639098,0.001384758,0.027576605,0.492,0.29
6/1/1995,n,0.001986098,-0.04,0.003391135,-0.000170854,0.035667979,-0.215,0.21
7/1/1995,n,0.003960401,-0.01,0.003387797,0.002022746,0.021055317,-0.003,0.6
8/1/1995,n,0.001974334,-0.15,-0.003985717,0.000801139,0.031281628,0.1,0.54
9/1/1995,n,0.001970444,-0.11,0.012543609,0.002161574,-0.000320289,-0.043,0.37
10/1/1995,n,0.001311476,0.06,0.004001648,0.002046632,0.039314432,-0.006,0.27
11/1/1995,n,0.001963994,-0.04,-0.001230807,0.001322561,-0.004991773,-0.15,-0.04
12/1/1995,n,0.00130719,0.04,0.002513515,0.001219275,0.040228861,0.098,-0.02
1/1/1996,n,0.002609264,-0.2,0.003809016,0.001226242,0.017293476,-0.003,0.04
2/1/1996,n,0.001302084,-0.04,-0.006558162,-3.38E-05,0.032096731,0.068,0.91
3/1/1996,n,0.00130039,-0.34,0.015284797,0.003568796,0.006909774,-0.178,1.03
4/1/1996,n,0.005184717,0.09,-0.000940649,0.002136861,0.007885395,0.005,1.44
5/1/1996,n,0.001937359,-0.09,0.009106661,0.001385676,0.01334202,0.097,1.61
6/1/1996,n,0.003220615,0.02,0.007296463,0.002748866,0.022596178,0.008,1.46
7/1/1996,n,0.003851096,0.03,0.008414678,0.002365678,0.002254168,-0.328,1.4
8/1/1996,n,0.001920001,0.13,-0.001297404,0.002051847,-0.046827509,0.242,1.74
9/1/1996,n,0.001916321,-0.18,0.005782169,0.001531968,0.018639142,-0.455,1.42
10/1/1996,n,0.001912656,0.08,0.006862168,0.001753883,0.052785342,0.097,1.13
11/1/1996,n,0.001273075,-0.06,-0.000594678,0.002115525,0.025766186,0.052,0.75
12/1/1996,n,0.003175614,0.07,0.008789824,0.002450069,0.070808963,0.205,1.14
1/1/1997,n,0.003165561,-0.02,0.006477744,0.001503486,-0.021740027,0.017,1.28
2/1/1997,n,0.003155572,-0.04,0.001416559,0.001814389,0.059510627,-0.095,1.37
3/1/1997,n,0.002517308,-0.06,0.012024777,0.002567501,0.005910091,-0.056,1.53
4/1/1997,n,0.001883831,0.2,0.006673805,0.002585518,-0.043548636,-0.102,1.21
5/1/1997,n,0.001880289,0.12,0.000234807,0.002423489,0.056763605,-0.127,1.17
6/1/1997,n,0.000625978,-0.01,0.00583643,0.002123906,0.056925444,-0.218,0.95
7/1/1997,n,0.000625587,0.06,0.004866587,0.002184546,0.042535037,0.144,0.5
8/1/1997,n,0,-0.04,0.007598583,0.002415372,0.075242723,-0.144,0.8
9/1/1997,n,0.001874415,0.02,0.010394079,-0.00014622,-0.059182895,-0.047,0.58
10/1/1997,n,0.001247661,0,0.008843811,0.003989011,0.051789082,0.048,0.34
11/1/1997,n,0.002490661,-0.04,0.008566754,0.002779643,-0.035086078,-0.202,0.34
12/1/1997,n,0.002484473,0.02,0.008740702,0.002466112,0.043621453,-0.146,0.25
1/1/1998,n,0.001859313,-0.02,0.003078813,0.002524279,0.015609139,0.168,-0.03
2/1/1998,n,0.001237624,0.06,0.005122309,0.002109392,0.01009901,-0.108,0.11
3/1/1998,n,0.000618238,-0.05,0.001312507,0.001633124,0.068078367,-0.062,0.18
4/1/1998,n,0.001235331,-0.02,0.000675189,0.001183148,0.048738462,0.116,0.23
5/1/1998,n,0,-0.04,0.003693938,0.002218623,0.009035526,-0.481,0.07
6/1/1998,n,0,0.04,0.006338522,0.003199544,-0.019005693,0.106,-0.12
7/1/1998,n,0.001233806,0.07,-0.006293768,0.001841855,0.038680414,0.165,-0.04
8/1/1998,n,0.002463055,-0.02,-0.003479568,0.001022669,-0.011683312,0.047,-0.5
9/1/1998,n,0.001229256,0.01,0.02031677,0.002682505,-0.157586079,-0.08,-1.07
10/1/1998,n,0.002453989,-0.04,-0.001956221,0.001642348,0.060526279,0.121,-0.43
11/1/1998,n,0.00122474,-0.44,0.008064487,0.001592395,0.077233438,-0.02,-0.09
12/1/1998,n,0.000611808,-0.24,-0.000649549,0.002179516,0.057444036,-0.18,-0.03
1/1/1999,n,0.002443495,-0.15,0.003706519,0.002864691,0.054843507,-0.068,0.03
2/1/1999,n,0.001219512,-0.05,0.004670391,0.000830402,0.040190859,-0.056,0.53
3/1/1999,n,0.001826485,0.13,0.005318607,0.0032679,-0.032815138,0.135,0.44
4/1/1999,n,0.001823155,0.05,0.001584998,0.000834806,0.038060632,-0.328,0.62
5/1/1999,n,0,-0.07,0.002709576,0.002881353,0.03724186,0.221,0.9
6/1/1999,n,0.00060698,0,0.00686077,0.00163944,-0.025287532,-0.208,1.05
7/1/1999,n,0.00665258,0.02,-0.001671858,0.002179165,0.053008237,0.155,0.93
8/1/1999,n,0.000602591,0.23,0.006309045,0.002514479,-0.032570809,0.074,0.91
9/1/1999,n,0,0.08,0.0042003,0.00119699,-0.006273731,-0.187,0.68
10/1/1999,n,0.004208001,0.15,-0.00422863,0.001565507,-0.028967323,0.077,0.82
11/1/1999,n,0.002396646,-0.02,0.013247879,0.003115998,0.060661837,-0.137,0.76
12/1/1999,n,0.004180358,0.22,0.00471157,0.002217594,0.018882458,-0.062,1.15
1/1/2000,n,0.001786246,-0.12,0.007699546,0.002342692,0.056232775,-0.063,1.23
2/1/2000,n,0.001783061,0.15,0.00017522,0.001780142,-0.052244851,0.055,0.69
3/1/2000,n,0.00237248,0.28,0.002967693,0.00090795,-0.020313002,0.15,0.18
4/1/2000,n,0.002957707,0.12,0.00361737,0.003593183,0.092323751,-0.125,0.21
5/1/2000,n,0.004126148,0.17,0.007176868,0.002216454,-0.031279911,-0.252,0.02
6/1/2000,n,0.005865119,0.25,0.001702557,0.001643983,-0.022158752,0.277,-0.5
7/1/2000,n,-0.000584966,0.26,0.000959354,-0.000333124,0.023651632,-0.107,-0.5
8/1/2000,n,0.001753874,0.01,-0.001512603,0.001324268,-0.016476268,0.096,-0.77
9/1/2000,n,0.005824128,-0.04,-0.002927161,-4.54E-05,0.058928224,0.106,-0.72
10/1/2000,n,0.002899393,0.02,0.003851511,0.000929765,-0.054966321,-0.228,-0.74
11/1/2000,n,0,-0.01,-0.002951707,-1.51E-05,-0.004961775,-0.091,-1.03
12/1/2000,n,0.005197817,0,0.00027146,0.001547713,-0.083456188,0.105,-1.28
1/1/2001,n,0.001726619,-0.11,-0.00278728,0.001153564,0.004045252,-0.005,-0.79
2/1/2001,n,0.001723643,-0.42,-0.006457516,-8.29E-05,0.034050232,0.389,-0.57
3/1/2001,n,0.002293579,-0.49,-0.006419645,0.000685533,-0.096831145,0.066,-0.38
4/1/2001,y,0.005711038,-0.18,-0.002341471,-0.000316341,-0.066358534,0.052,0.55
5/1/2001,y,0.002275314,-0.51,-0.00291932,-0.0021417,0.074007017,0.13,1.22
6/1/2001,y,0.00056802,-0.59,-0.00612809,-0.000400192,0.005077276,-0.045,1.45
7/1/2001,y,0.001702128,-0.24,-0.005995802,-0.000838657,-0.025354105,0.258,1.3
8/1/2001,y,0.00508907,-0.2,-0.005730158,-0.000922579,-0.010798242,0.099,1.2
9/1/2001,y,0.002253522,-0.12,-0.001240511,-0.001127912,-0.066255628,0.459,1.53
10/1/2001,y,-0.001689665,-0.58,-0.003831523,-0.001948454,-0.085256633,0.1,1.81
11/1/2001,y,0,-0.58,-0.004360801,-0.002408587,0.017937272,0.552,2.69
12/1/2001,n,0.00393812,-0.4,-0.004911333,-0.002376275,0.07248428,0.309,3.25
1/1/2002,n,-0.00281136,-0.27,0.000235368,-0.001220796,0.007545297,0.255,3.34
2/1/2002,n,-0.000563222,-0.09,0.006301143,-0.000992996,-0.015696379,-0.076,3.14
3/1/2002,n,-0.000563539,0.01,-0.000264639,-0.000886891,-0.020984861,0.033,3.69
4/1/2002,n,0.001689665,-0.01,0.008123497,-0.000145342,0.036080107,0.089,3.36
5/1/2002,n,0.001686815,0.02,0.004121216,-0.000719369,-0.063384655,0.295,3.33
6/1/2002,n,0.002805051,0,0.004218819,8.42E-05,-0.009122969,-0.2,3.11
7/1/2002,n,0.004471779,0,0.009470305,0.000382676,-0.07521435,-0.006,2.78
8/1/2002,n,0.001114827,-0.02,-0.00239887,-0.000719551,-0.082299884,-0.003,2.4
9/1/2002,n,0.000556948,0.01,0.000130859,-2.30E-05,0.004869558,-0.086,1.88
10/1/2002,n,0.002224695,0.01,0.001387986,-0.000658782,-0.116561141,-0.053,2.18
11/1/2002,n,0.002773927,0,-0.003024961,0.000972699,0.082914397,0.056,2.88
12/1/2002,n,0.00166067,-0.41,0.005206473,-9.95E-05,0.055500571,0.213,2.59
1/1/2003,n,0.002209946,-0.1,-0.004917526,-0.00109542,-0.062229267,0.12,2.76
2/1/2003,n,0.00165426,0,0.007591109,0.000827421,-0.027797488,-0.12,2.45
3/1/2003,n,0.001651528,0.02,0.001420865,-0.00104205,-0.01714983,0.098,2.58
4/1/2003,n,0.004390786,-0.01,-0.002316599,-0.001626541,0.008322837,-0.03,2.63
5/1/2003,n,0.00546151,0.01,-0.007174491,-0.000422412,0.07792734,0.254,2.11
6/1/2003,n,0.001632653,0,0.000280408,0.000145944,0.049645712,0.115,2.32
7/1/2003,n,-0.003813679,-0.04,0.001672218,-1.54E-05,0.011258598,0.309,3.48
8/1/2003,n,-0.001638897,-0.21,0.004393664,-2.30E-05,0.016093504,-0.255,3.42
9/1/2003,n,0.001092896,0.02,-0.001427482,-0.000322655,0.017715356,-0.115,2.95
10/1/2003,n,0.003271541,-0.02,0.005868896,0.000806442,-0.012016272,0.025,3.32
11/1/2003,n,0.004345471,0,0.001410643,0.001534284,0.05350426,-0.189,3.34
12/1/2003,n,0.003246756,-0.01,0.007675764,0.000153299,0.007103216,-0.156,3.29
1/1/2004,n,-0.001081081,-0.02,-0.000712329,0.000873356,0.049518985,-0.259,3.16
2/1/2004,n,0.000540687,0.02,0.002550867,0.001385079,0.017128847,0.053,2.98
3/1/2004,n,0.002699057,0.01,0.006040066,0.000428144,0.012135045,-0.203,2.86
4/1/2004,n,0.004303396,-0.01,-0.004986037,0.002420153,-0.016494204,0.324,3.53
5/1/2004,n,0.002144773,0,0.004503084,0.002049111,-0.016933315,-0.321,3.66
6/1/2004,n,0.002140183,0,0.007895473,0.002151233,0.012011028,0.042,3.59
7/1/2004,n,0.001602137,0.03,-0.008278237,0.00075146,0.017829111,0.074,3.24
8/1/2004,n,0.004259857,0.23,0.007675337,0.000417234,-0.034892235,-0.15,2.7
9/1/2004,n,0.003712547,0.17,0.000736713,0.000674792,0.002284738,-0.146,2.53
10/1/2004,n,0.001058201,0.18,0.000841886,0.001181684,0.009320306,-0.063,2.29
11/1/2004,n,0.000528681,0.15,0.009476085,0.002676345,0.013916952,0.134,2.43
12/1/2004,n,0.00316623,0.17,0.002095137,0.000422721,0.037868777,-0.129,2.08
1/1/2005,n,0.005254873,0.23,0.007329622,0.00091277,0.031942574,0.002,1.86
2/1/2005,n,0.004705891,0.12,0.004593236,0.001130378,-0.025615767,-0.15,1.86
3/1/2005,n,0,0.22,0.006854054,0.001941266,0.018726898,0.196,1.87
4/1/2005,n,-0.000521785,0.13,-0.001587765,0.000931672,-0.019302761,-0.243,1.42
5/1/2005,n,0.004166673,0.16,0.001683273,0.002714927,-0.020313511,-0.065,1
6/1/2005,n,0.003631651,0.21,0.001305025,0.001287387,0.029512244,-0.021,0.9
7/1/2005,n,0.003102381,0.04,0.003827879,0.001883183,-0.000142724,-0.127,1.02
8/1/2005,n,-0.000516396,0.22,-0.003166473,0.002639449,0.035336533,-0.118,0.52
9/1/2005,n,0.000516396,0.24,0.002748324,0.00150301,-0.011285548,-0.061,0.72
10/1/2005,n,0.006176036,0.12,-0.018842965,0.000505456,0.006924991,0.208,0.79
11/1/2005,n,0.006138127,0.16,0.012533549,0.000661167,-0.017900034,-0.1,0.49
12/1/2005,n,0.013674561,0.22,0.010085416,0.002506973,0.034581213,0.113,0.23
1/1/2006,n,0.001507917,0.16,0.00618191,0.001154948,-0.000952803,-0.287,0.24
2/1/2006,n,-0.005035257,0.13,0.001178181,0.002069644,0.025147896,-0.215,0.06
3/1/2006,n,0,0.2,4.16E-05,0.002271672,0.000453055,0.12,0.27
4/1/2006,n,0.006039274,0.1,0.002057903,0.002281224,0.011034704,-0.112,0.28
5/1/2006,n,0.00050163,0.2,0.004002836,0.001160689,0.012082366,0.048,0.18
6/1/2006,n,0.001503383,0.15,-0.001006591,0.000286292,-0.031404929,-0.14,0.16
7/1/2006,n,0.004995015,0.05,0.003834967,0.000594345,8.66E-05,0.021,-0.25
8/1/2006,n,0.002985077,0.25,-0.000366844,0.001429383,0.005072989,0.174,-0.51
9/1/2006,n,0.002480775,0.01,0.003924327,0.001273727,0.021051057,-0.084,-0.61
10/1/2006,n,0.005436139,0,-0.002029758,0.001089432,0.0242694,-0.244,-0.64
11/1/2006,n,0.004425874,0,-0.000572011,6.58E-05,0.031021812,-0.12,-0.79
12/1/2006,n,-0.004918849,0,-0.000960617,0.001540624,0.016332552,0.145,-0.53
1/1/2007,n,-0.004447746,-0.01,0.010345559,0.00135612,0.012536867,-0.11,-0.42
2/1/2007,n,0.000495172,0.01,-0.005215013,0.001659836,0.013961131,0.354,-0.7
3/1/2007,n,0.005430771,0.01,0.010029222,0.000589016,-0.022088337,-0.189,-0.61
4/1/2007,n,0.001657906,0,0.002177747,0.001706913,0.009930512,-0.196,-0.62
5/1/2007,n,0.003870849,-0.01,0.007004665,0.000355543,0.042379843,0.119,-0.35
6/1/2007,n,0.005186647,0,0.000486093,0.001094858,0.032030724,-0.084,-0.22
7/1/2007,n,0.002996169,0,0.00028217,0.000550601,-0.017976944,0.213,-0.48
8/1/2007,n,0.004124477,0.01,-0.000373055,-0.000224551,-0.032504471,0.17,-0.48
9/1/2007,n,0.002314072,-0.24,0.002225745,-0.000166635,0.012781539,-0.082,-0.35
10/1/2007,n,0.001779012,-0.08,0.003863442,0.000579479,0.03516829,0.103,-0.28
11/1/2007,n,0.000308233,-0.18,-0.004231032,0.000571906,0.014713561,0.067,-0.52
12/1/2007,n,0.0042286,-0.27,0.005871927,0.000795781,-0.045042782,0.003,-0.2
1/1/2008,y,0.003078494,-0.25,0.000112968,0.000780697,-0.00866595,0.405,-0.27
2/1/2008,y,0.007828164,-0.3,-0.002697623,7.95E-05,-0.063113864,0.04,0.55
3/1/2008,y,0.002893823,-0.96,-0.003360806,-0.00057096,-0.03537974,-0.188,0.84
4/1/2008,y,0.003441775,-0.37,-0.002369354,-0.000354304,-0.005977453,0.325,1.49
5/1/2008,y,0.002414909,-0.33,-0.007602904,-0.00173718,0.046450952,-0.185,2.08
6/1/2008,y,0.003571642,-0.3,-0.005650134,-0.001283106,0.010617615,0.758,1.99
7/1/2008,y,0.002311707,0.02,-0.002348363,-0.001241177,-0.089883554,0.18,1.98
8/1/2008,y,0.005900052,0.01,-0.005306511,-0.001424533,-0.009908297,0.362,1.83
9/1/2008,y,0.010423719,-0.01,-0.015415344,-0.002023997,0.012116759,0.501,2.04
10/1/2008,y,0.007116065,-0.19,-0.044336616,-0.003358084,-0.095180765,0.056,3.04
11/1/2008,y,-0.001489585,-0.84,0.009466644,-0.003523491,-0.185636474,0.58,2.54
12/1/2008,y,0.000854726,-0.58,-0.012648111,-0.0053492,-0.077798358,0.464,2.09
1/1/2009,y,-0.008635616,-0.23,-0.029671623,-0.005222214,0.007791147,0.748,2.72
2/1/2009,y,-0.017864094,-0.01,-0.024037266,-0.005831311,-0.089549879,0.772,2.8
3/1/2009,y,-0.008267605,0.07,-0.00646989,-0.005557918,-0.116456513,0.84,2.53
4/1/2009,y,0.002527574,-0.04,-0.015983294,-0.006019038,0.081952693,0.528,3.01
5/1/2009,y,0.003636042,-0.03,-0.008012603,-0.00525861,0.089772219,0.427,3.29
6/1/2009,y,-0.000987771,0.03,-0.010130913,-0.002597878,0.051720577,0.646,3.32
7/1/2009,n,0.001006576,0.03,-0.003911984,-0.003558329,0.000195807,0.208,3.36
8/1/2009,n,0.001470412,-0.05,0.010943164,-0.002598635,0.071521949,-0.106,3.24
9/1/2009,n,0.00826536,0,0.011146038,-0.001401478,0.033009337,0.213,3.16
10/1/2009,n,-0.00029801,-0.01,0.007538438,-0.001848663,0.035100067,0.195,3.29
11/1/2009,n,0.00334286,-0.03,0.003195821,-0.00152907,-0.019959881,0.343,3.09
12/1/2009,n,0.001929025,0,0.003968567,9.23E-05,0.055779077,-0.133,3.73
1/1/2010,n,0.002997435,0,0.003047241,-0.002070466,0.017614521,-0.121,3.52
2/1/2010,n,0.003342997,-0.01,0.011532002,1.54E-05,-0.037675124,-0.052,3.48
3/1/2010,n,0.000520041,0.02,0.003591458,-0.000709089,0.02811474,0.067,3.68
4/1/2010,n,0.000648522,0.03,0.006558225,0.001394577,0.057132816,0.089,3.49
5/1/2010,n,-0.00095223,0.04,0.003711275,0.001776999,0.014651372,0.123,3.11
6/1/2010,n,0.000331313,0,0.014485151,0.004141745,-0.085531573,-0.476,2.79
7/1/2010,n,0.000230014,-0.02,0.001483527,-0.001064478,-0.055388449,-0.375,2.76
8/1/2010,n,-0.000519907,0,0.004373115,-0.000643831,0.066515799,0.038,2.28
9/1/2010,n,-0.000418883,0.01,0.003065291,-3.83E-05,-0.048611823,0.136,2.34
10/1/2010,n,0.001867509,0,0.002298061,-0.000498506,0.083928474,-0.069,2.44
11/1/2010,n,0.001460297,0,-0.002654424,0.002053782,0.036193052,-0.063,2.62
12/1/2010,n,0.001613946,0,0.000288043,0.00095648,-0.002292876,0.565,3.12
1/1/2011,n,0.003475799,-0.01,0.009640333,0.000550518,0.063256488,-0.733,3.25
2/1/2011,n,0.002530637,-0.01,-0.001286483,0.000145225,0.022392969,-0.335,3.26
3/1/2011,n,0.004008531,-0.01,-0.004397981,0.001618976,0.031456577,-0.193,3.33
4/1/2011,n,0.003237795,-0.02,0.009885501,0.001791562,-0.001047862,-0.083,3.22
5/1/2011,n,0.003209319,-0.04,-0.003589106,0.002388833,0.028096939,0.22,2.96
6/1/2011,n,0.005160211,-0.01,0.002275841,0.000767171,-0.013592919,-0.102,3.09
7/1/2011,n,0.004683116,0,0.002878422,0.001790307,-0.018426186,0.107,2.75
8/1/2011,n,0.003176664,-0.02,0.005303902,0.000454652,-0.021708356,-0.199,2.13
9/1/2011,n,0,0.03,0.005584137,0.000954097,-0.058467502,0.055,1.84
10/1/2011,n,0.002616611,-0.02,-0.000242676,0.001761928,-0.074467101,0.13,2.1
11/1/2011,n,0.003149497,-0.01,0.006866328,0.001540088,0.102306592,-0.354,2
12/1/2011,n,0.002169193,0.01,-0.000802786,0.000995265,-0.005071554,-0.292,1.82
1/1/2012,n,0.00067498,-0.01,0.005525036,0.001521142,0.008496566,-0.209,1.75
2/1/2012,n,0.001846145,0.01,0.006104567,0.002660196,0.042660044,-0.296,1.88
3/1/2012,n,0.00023768,0.02,0.002289301,0.001964298,0.039787345,0.016,2.1
4/1/2012,n,0.002720492,0.03,-0.004680668,0.001795977,0.030851476,-0.1,1.81
5/1/2012,n,0.002135165,0.01,0.007490401,0.000612887,-0.0075257,-0.067,1.43
6/1/2012,n,0.002091282,0.02,0.001918068,0.000746915,-0.064699308,0.014,1.51
7/1/2012,n,0.001659411,0,-0.000195838,0.000544896,0.03879272,0.032,1.35
8/1/2012,n,-0.002070322,0,0.002620653,0.001133626,0.012518885,-0.036,1.44
9/1/2012,n,-0.000826705,-0.03,-0.004789426,0.00128124,0.01957061,-0.185,1.51
10/1/2012,n,0.000288768,0.01,0.000489585,0.001391116,0.023947119,-0.356,1.56
11/1/2012,n,0.005792718,0.02,0.002117772,0.0011813,-0.019987843,0.009,1.46
12/1/2012,n,0.00475992,0,0.004806806,0.001157657,0.002842673,-0.119,1.62
1/1/2013,n,0.002693165,0,0.003523637,0.001770994,0.007043368,0.293,1.88
2/1/2013,n,-0.001680756,-0.02,-0.001326233,0.001413062,0.049197792,0.173,1.74
3/1/2013,n,-0.000121089,0.01,0.005727444,0.002053146,0.010999928,-0.521,1.73
4/1/2013,n,0.00197883,-0.01,0.004053922,0.001024994,0.035355294,-0.261,1.55
5/1/2013,n,0.005415238,0.01,-0.001720343,0.001406734,0.017924166,0.071,2.05
6/1/2013,n,-0.00281588,-0.04,0.001093498,0.001632569,0.020550202,-0.106,2.43
7/1/2013,n,-0.002090162,-0.02,0.002035322,0.001329089,-0.015112929,0.097,2.51
8/1/2013,n,0.00041407,0,-0.004270795,0.000821536,0.048277728,-0.416,2.7
9/1/2013,n,0.00237758,-0.01,0.006580912,0.001772803,-0.031798268,-0.056,2.56
10/1/2013,n,0.001955539,0,0.005136958,0.001367744,0.029315591,-0.009,2.48
11/1/2013,n,0.002384446,0.01,-0.00175295,0.001643206,0.043629971,-0.134,2.67
12/1/2013,n,0.000376874,-0.01,0.002929278,0.001924592,0.02766329,-0.349,2.95
1/1/2014,n,0.000535088,0.01,0.003034155,0.000502408,0.023289474,-0.383,2.6
2/1/2014,n,0.00184279,-0.02,-0.004165701,0.001273093,-0.036231407,-0.202,2.59
3/1/2014,n,0.002640679,0,0.008434795,0.001206124,0.042213375,0.147,2.65
4/1/2014,n,0.002421242,0.01,0.009580217,0.001842703,0.006908249,0.031,2.58
5/1/2014,n,0.001100173,0.01,0.000460746,0.002352849,0.006181643,-0.678,2.39
6/1/2014,n,0.002039973,0,0.003606928,0.001575122,0.020812196,0.157,2.43
7/1/2014,n,0.00186245,0.01,0.003734382,0.002350838,0.018878997,-0.399,2.49
8/1/2014,n,0.001901197,-0.01,0.001967551,0.00166963,-0.015194687,0.148,2.26
9/1/2014,n,0.00132026,0,-0.001109352,0.001350934,0.036963644,-0.009,2.43
10/1/2014,n,0.001124852,0,0.002983263,0.002216461,-0.015635436,-0.337,2.26
11/1/2014,n,-0.000160014,0,0.000206946,0.001803969,0.022936399,-0.272,2.09
12/1/2014,n,7.16E-05,0,0.00779019,0.002079114,0.024237474,0.1,2.05
1/1/2015,n,-0.000197933,0.03,-0.001453287,0.001910969,-0.004197385,-0.373,1.57
2/1/2015,n,-0.001884435,-0.01,-0.004968736,0.001359697,-0.031532779,0.168,1.89
3/1/2015,n,-0.003089377,0,-0.005090278,0.001926037,0.053438876,-0.286,1.83
4/1/2015,n,-0.006390693,0,-0.002812116,0.000503995,-0.017549197,-0.084,1.93
5/1/2015,n,0.002531437,0.01,-0.00590634,0.002013443,0.008484722,0.035,2
6/1/2015,n,0.00269033,0,-0.004343218,0.002341549,0.01043673,0.284,2.22
7/1/2015,n,0.001041936,0.01,-0.003434213,0.00122871,-0.021235559,-0.587,2.07
8/1/2015,n,0.00329232,0,0.005834424,0.00212901,0.019549683,-0.08,2.07
9/1/2015,n,0.002764097,0.01,-0.001555977,0.000879888,-0.064624731,-0.175,1.92
10/1/2015,n,0.001585063,0,-0.003705901,0.001089987,-0.026798731,-0.085,2.04
11/1/2015,n,-4.20E-06,-0.02,-0.003660688,0.002148364,0.079719379,0.015,2.09
12/1/2015,n,-0.002250117,0,-0.00690012,0.001660763,0.000504742,0.078,2.03
1/1/2016,n,0.000988993,0.12,-0.005715194,0.001909619,-0.017685659,-0.093,1.6
2/1/2016,n,0.001193905,0.1,0.00830128,0.000754448,-0.052067617,-0.28,1.36
3/1/2016,n,-0.001076132,0.04,-0.007115907,0.001479301,-0.004136906,0.075,1.42
4/1/2016,n,-0.000458549,-0.02,-0.007925871,0.00165116,0.06390499,0.259,1.46
5/1/2016,n,-0.00133056,0.01,0.000997378,0.001370411,0.002695762,0.106,1.47
6/1/2016,n,0.003129893,0,-0.000856383,0.000284977,0.015208367,-0.415,1.11
7/1/2016,n,0.003823327,0.01,0.004376693,0.001791406,0.000910506,0.092,1.07
8/1/2016,n,0.002361306,0.01,0.002527363,0.002570402,0.034990433,-0.103,1.18
9/1/2016,n,0.002772111,0.01,-0.000899237,0.000988986,-0.001219987,0.143,1.2
10/1/2016,n,-0.000503828,0,6.86E-05,0.00199574,-0.001235213,0.169,1.44
11/1/2016,n,0.001847514,0,0.001965774,0.000813726,-0.019616837,-0.142,1.96
12/1/2016,n,0.002619775,0.01,-0.001936376,0.000895712,0.033603545,-0.258,1.91
1/1/2017,n,0.002339948,0.13,0.008560938,0.001472734,0.018037111,-0.032,1.8
2/1/2017,n,0.001178253,0.11,0.001053579,0.001353826,0.017726315,-0.055,1.7
3/1/2017,n,0.002521341,0.01,-0.00377958,0.001255975,0.036523001,-0.09,1.61
4/1/2017,n,0.004043135,0.13,0.006748867,0.000952939,-0.000389273,-0.257,1.39
5/1/2017,n,0.001033863,0.11,0.008950276,0.001506396,0.009050132,0.077,1.3
6/1/2017,n,-0.000434749,0.01,0.001349402,0.000964271,0.011509759,-0.176,1.27
7/1/2017,n,0.002081797,0.13,0.001645951,0.001441252,0.004802226,-0.159,1.15
8/1/2017,n,-0.000839574,0.11,-0.000403581,0.001555041,0.019164018,-0.036,0.96
9/1/2017,n,0.000610297,0.01,-0.004748075,0.001294022,0.000546284,0.254,1.18
10/1/2017,n,0.000253839,-0.01,2.59E-05,0.000285821,0.019119039,-0.239,1.23
11/1/2017,n,0.003779487,0,0.01505664,0.001692836,0.02194556,-0.22,1.26
12/1/2017,n,0.005474273,0.01,0.005328079,0.001330501,0.027695541,0.139,1.1
